論文,AD関連,ALG関連,ユーザー行動分析関連,その他関連
853  On autoencoder scoring ,,,,
1124  On the difficulty of training Recurrent Neural Networks ,,,,
1125  Maxout Networks ,,,,
576  Collaborative hyperparameter tuning ,,,,
136  Learning mid-level representations of objects by harnessing the aperture problem ,,,,
274  Approximation properties of DBNs with binary hidden units and real-valued visible units ,,,,
375  Better Mixing via Deep Representations ,,,,
532  Fast dropout training ,,,,
210  Feature Selection in High-Dimensional Classification ,,,,
105  Markov Network Estimation From Multi-attribute Data ,,,,
875  Exact Rule Learning via Boolean Compressed Sensing ,,,,
118  Sparse Recovery under Linear Transformation ,,,,
246  Noisy and Missing Data Regression: Distribution-Oblivious Support Recovery ,,,,
1149  Learning Policies for Contextual Submodular Prediction ,,,,
412  Learning an Internal Dynamics Model from Control Demonstration ,,,,
423  Safe Policy Iteration ,,,,
755  Temporal Difference Methods for the Variance of the Reward To Go ,,,,
465  Value Iteration with incremental representation learning for continuous POMDPs ,,,,
39  The Sample-Complexity of General Reinforcement Learning ,,,,
338  Online Feature Selection for Model-based Reinforcement Learning ,,,,
1073  Bayesian Learning of Recursively Factored Environments ,,,,
1062  Copy or Coincidence? A Model for Detecting Social Influence and Duplication Events ,,,,
475  Mixture of Mutually Exciting Processes for Viral Diffusion ,,,,
172  Dynamic Probabilistic Models for Latent Feature Propagation in Social Networks ,,,,
828  Modeling Information Propagation with Survival Theory ,,,,
1123  Learning Triggering Kernels for Multi-dimensional Hawkes Processes ,,,,
369  Causal Estimation of Peer Influence Effects ,,,,
974  Modeling Temporal Evolution and Multiscale Structure in Networks ,,,,
544  Scalable Optimization of Neighbor Embedding for Visualization ,,,,
925  Learning the Structure of Sum-Product Networks ,,,,
1129  Deep learning with COTS HPC systems ,,,,
93  Learning and Selecting Features Jointly with Point-wise Gated Boltzmann Machines ,,,,
1026  Regularization of Neural Networks using DropConnect ,,,,
502  Thurstonian Boltzmann Machines: Learning from Multiple Inequalities ,,,,
279  Iterative Learning and Denoising in Convolutional Neural Associative Memories ,,,,
457  No more pesky learning rates ,,,,
73  Making a Science of Model Search: Hyperparameter Optimization in Hundreds of Dimensions for Vision Architectures ,,,,
680  Learning Heteroscedastic Models by Convex Programming under Group Sparsity ,,,,
58  Noisy Sparse Subspace Clustering ,,,,
263  One-Bit Compressed Sensing: Provable Support and Vector Recovery ,,,,
403  Smooth Sparse Coding via Marginal Regression for Learning Sparse Representations ,,,,
599  Sparse projections onto the simplex ,,,,
1056  Intersecting singularities for multi-structured estimation ,,,,
29  Sparse Uncorrelated Linear Discriminant Analysis ,,,,
350  Estimating Unknown Sparsity in Compressed Sensing ,,,,
955  Concurrent Reinforcement Learning from Customer Interaction Sequences ,,,,
100  Modelling Sparse Dynamical Systems with Compressed Predictive State Representations ,,,,
1199  Coco-Q: Learning in Stochastic Games with Side Payments ,,,,
26  Guided Policy Search ,,,,
1069  The Cross-Entropy Method Optimizes for Quantiles ,,,,
617  A Practical Algorithm for Topic Modeling with Provable Guarantees ,,,,
376  Online Latent Dirichlet Allocation with Infinite Vocabulary ,,,,
76  Gibbs Max-Margin Topic Models with Fast Sampling Algorithms ,,,,
606  Modeling Musical Influence with Topic Models ,,,,
1184  Nested Chinese Restaurant Franchise Process: Applications to User Tracking and Document Modeling ,,,,
61  Parallel Markov Chain Monte Carlo for Nonparametric Mixture Models ,,,,
354  MAD-Bayes: MAP-based Asymptotic Derivations from Bayes ,,,,
801  Topic Model Diagnostics: Assessing Domain Relevance via Topical Alignment ,,,,
1051  On the importance of initialization and momentum in deep learning  Ilya Sutskever; James Martens; George Dahl; Geoffrey Hinton ,,,,
1055  A non-IID Framework for Collaborative Filtering with Restricted Boltzmann Machines ,,,,
219  Parsing epileptic events using a Markov switching process model for correlated time series ,,,,
611  Exploring the Mind: Integrating Questionnaires and fMRI ,,,,
552  Gated Autoencoders with Tied Input Weights ,,,,
696  Simple Sparsification Improves Sparse Denoising Autoencoders in Denoising Highly Corrupted Images ,,,,
983  Natural Image Bases to Represent Neuroimaging Data ,,,,
658  Direct Modeling of Complex Invariances for Visual Object Features ,,,,
693  Spectral Compressed Sensing via Structured Matrix Completion ,,,,
870  Sparse PCA through Low-rank Approximations ,,,,
179  Efficient Sparse Group Feature Selection via Nonconvex Optimization ,,,,
500  A General Iterative Shrinkage and Thresholding Algorithm for Non-convex Regularized Optimization Problems ,,,,
876  Robust Sparse Regression under Adversarial Corruption ,,,,
840  ABC Reinforcement Learning ,,,,
393  Mean Reversion with a Variance Threshold ,,,,
1029  Gaussian Process Kernels for Pattern Discovery and Extrapolation ,,,,
207  Average Reward Optimization Objective In Partially Observable Domains ,,,,
463  Planning by Prioritized Sweeping with Small Backups ,,,,
780  Dynamic Covariance Models for Multivariate Financial Time Series ,,,,
300  Learning Sparse Penalties for Change-point Detection using Max Margin Interval Regression ,,,,
670  Hierarchically-coupled hidden Markov models for learning kinetic rates from single-molecule data ,,,,
529  Learning Connections in Financial Time Series ,,,,
1042  The Extended Parameter Filter  Yusuf Bugra Erol;,,,,
563  Transition Matrix Estimation in High Dimensional Time Series ,,,,
977  Dependent Normalized Random Measures ,,,,
1070  Topic Discovery through Data Dependent and Random Projections ,,,,
821  Factorial Multi-Task Learning : A Bayesian Nonparametric Approach ,,,,
1003  Scaling the Indian Buffet Process via Submodular Maximization ,,,,
506  A Variational Approximation for Topic Modeling of Hierarchical Corpora ,,,,
1156  Manifold Preserving Hierarchical Topic Models for Quantization and Approximation ,,,,
607  Subtle Topic Models and Discovering Subtly Manifested Software Concerns Automatically  ,,,,
852  Latent Dirichlet Allocation Topic Model with Soft Assignment of Descriptors to Words ,,,,
692  Efficient Multi-label Classification with Many Labels ,,,,
242  A Randomized Mirror Descent Algorithm for Large Scale Multiple Kernel Learning ,,,,
112  MILEAGE: Multiple Instance LEArning with Global Embedding ,,,,
		</div><div class="widget widget_text" id="text-4">			<div class="textwidget">&copy; 2012-2013 <a href="#">ICML | International Conference on Machine Learning</a></p></div>
